country_name,year,v2x_polyarchy,v2x_libdem,v2x_partipdem,v2smgovfilcap,v2smgovfilcap_ord,v2smgovfilprc,v2smgovfilprc_ord,v2smgovshutcap,v2smgovshutcap_ord,v2smgovshut,v2smgovsm_ord,v2smgovsmmon,v2smgovsmmon_ord,v2smgovsmcenprc,v2smgovsmcenprc_ord,v2smarrest,v2smarrest_ord,e_fh_cl,e_fh_pr,e_fh_rol,e_wbgi_cce,e_wbgi_gee,e_wbgi_pve,e_autoc,e_democ,e_p_polity,e_gdp,e_pop
Afghanistan,2021,0.158,0.043,0.048,-0.215,2,-0.999,2,-0.965,2,0.278,3,-1.024,2,0.479,4,-2.055,0,6,7,,-1.142,-1.634,-2.53,2,1,-1,6775.201,3884.685
Albania,2021,0.489,0.41,0.302,-0.183,2,-0.004,3,-1.038,1,0.323,4,-0.297,2,1.195,4,1.034,2,3,3,9,-0.556,-0.003,0.109,0,9,9,3489.639,309.72
Algeria,2021,0.281,0.138,0.111,1.829,3,-1.68,1,1.56,4,-1.397,1,-2.154,1,-1.251,2,-1.294,1,5,6,6,-0.614,-0.621,-0.876,1,3,2,52143.253,4491.912
Angola,2021,0.342,0.168,0.093,0.225,2,1.048,3,0.172,3,0.406,4,-0.094,2,0.906,4,0.977,2,5,6,5,-0.655,-1.059,-0.711,4,2,-2,16911.415,3137.989
Argentina,2021,0.811,0.657,0.551,-0.294,2,2.367,4,-1.401,1,1.926,4,0.832,3,1.811,4,2.636,3,2,2,10,-0.401,-0.357,-0.106,0,9,9,78294.101,4740.302
Armenia,2021,0.726,0.541,0.457,-0.173,2,1.06,3,0.658,4,1.47,4,0.731,3,1.129,4,0.957,2,4,4,6,0.072,-0.25,-0.836,0,7,7,3903.072,317.193
Australia,2021,0.849,0.804,0.609,0.283,2,2.05,4,-0.491,2,1.327,4,1.471,3,1.571,4,1.501,3,1,1,15,1.737,1.513,0.851,0,10,10,127644.165,2657.018
Austria,2021,0.827,0.751,0.588,-0.609,1,1.966,4,-0.379,2,1.759,4,0.974,3,2.049,4,2.57,3,1,1,15,1.271,1.57,0.915,0,10,10,44063.031,954.496
Azerbaijan,2021,0.196,0.066,0.062,1.75,3,-1.872,1,1.997,4,-0.647,3,-2.425,1,-0.461,3,-1.411,1,7,7,0,-0.828,0.248,-0.853,7,0,-7,15070.419,1062.074
Bahrain,2021,0.121,0.054,0.036,2.555,3,-2.336,1,1.402,4,-0.913,4,-1.837,1,-0.906,3,-2.9,0,6,7,1,0.168,0.717,-0.505,10,0,-10,5134.856,170.996
Bangladesh,2021,0.263,0.103,0.124,2.211,3,-0.996,2,1.598,4,-1.287,2,-2.536,1,-2.549,1,-2.319,0,5,5,4,-0.962,-0.627,-0.97,6,0,-6,72500.862,17480.99
Barbados,2021,0.794,0.678,0.349,-1.044,1,1.375,4,-1.656,1,1.827,4,0.952,3,1.151,4,1.82,3,1,1,14,1.243,0.538,1.122,,,,549.399,30.742
Belarus,2021,0.176,0.038,0.061,2.164,3,-2.055,1,1.329,4,-2.729,2,-2.231,1,0.11,3,-1.562,1,7,7,1,-0.235,-0.771,-0.737,7,0,-7,21019.499,1010.732
Belgium,2021,0.893,0.82,0.636,0.135,2,2.601,4,-0.81,2,1.903,4,0.71,3,2.07,4,2.677,3,1,1,15,1.484,1.125,0.613,0,8,8,54009.824,1222.543
Benin,2021,0.418,0.289,0.252,1.283,3,1.451,4,2.207,4,1.273,4,-0.397,2,1.036,4,-0.191,2,3,5,11,-0.155,-0.207,-0.301,0,7,7,3642.139,1256.414
Bhutan,2021,0.571,0.476,0.359,-0.863,1,-1.191,2,0.063,3,-1.645,2,-1.435,1,-0.839,3,-1.251,1,4,3,8,1.554,0.796,0.973,0,7,7,922.146,80.629
Bolivia,2021,0.604,0.357,0.426,-0.573,1,0.682,3,-0.601,2,1.09,4,-0.281,2,0.818,4,0.274,2,3,3,6,-0.864,-0.732,-0.319,0,7,7,7515.218,1219.907
Bosnia and Herzegovina,2021,0.519,0.357,0.316,-1.319,1,1.894,4,-1.265,1,1.825,4,1.46,3,0.736,4,0.823,2,4,4,7,-0.644,-1.041,-0.381,,,,4424.334,369.319
Botswana,2021,0.596,0.485,0.401,0.585,2,2.048,4,-0.054,3,1.784,4,2.428,4,1.787,4,0.431,2,2,3,11,0.685,0.354,0.978,0,8,8,3657.626,242.45
Brazil,2021,0.667,0.513,0.416,-0.719,1,-0.21,3,-1.531,1,1.638,4,0.031,3,0.534,4,1.052,2,3,2,8,-0.478,-0.46,-0.485,0,8,8,264001.025,22468.938
Bulgaria,2021,0.667,0.555,0.488,-0.179,2,2.066,4,-1.226,1,1.899,4,1.397,3,1.435,4,1.677,3,2,2,10,-0.236,-0.139,0.458,0,9,9,15092.22,754.94
Burkina Faso,2021,0.628,0.428,0.345,1.775,3,-0.699,2,2.053,4,-2.109,2,-1.798,1,-0.785,3,-1.007,1,4,4,5,-0.059,-0.726,-1.639,1,7,6,4820.357,2111.441
Burundi,2021,0.18,0.07,0.091,-0.913,1,-0.68,2,0.828,4,-0.272,2,-0.983,2,-0.984,3,-2.822,0,6,7,1,-1.581,-1.331,-1.364,3,2,-1,880.324,1198.587
Cambodia,2021,0.197,0.065,0.119,0.294,2,-2.489,0,-0.519,2,0.512,4,-1.021,2,-0.836,3,-2.131,0,5,7,3,-1.177,-0.423,-0.132,4,0,-4,7378.133,1743.761
Cameroon,2021,0.291,0.123,0.114,1.393,3,0.39,3,1.672,4,-0.026,3,-0.875,2,-1.532,2,-1.261,1,6,6,0,-1.093,-0.875,-1.407,5,1,-4,8275.055,2738.934
Canada,2021,0.851,0.747,0.603,0.965,3,1.955,4,-0.319,3,1.848,4,1.707,4,1.991,4,2.443,3,1,1,15,1.646,1.604,0.937,0,10,10,185709.16,3966.532
Cape Verde,2021,0.773,0.676,0.489,-1.151,1,1.619,4,-1.301,1,0.706,4,2.127,4,1.15,4,1.563,3,1,1,14,1.035,0.043,0.902,0,10,10,379.199,58.604
CAR,2021,0.334,0.175,0.141,-1.215,1,0.401,3,1.41,4,0.914,4,0.719,3,1.114,4,-0.465,1,7,7,1,-1.226,-1.644,-2.105,1,7,6,429.651,520.022
Chad,2021,0.189,0.051,0.117,0.296,2,-1.7,1,1.832,4,-2.097,1,-0.631,2,-1.111,2,-1.55,1,6,7,1,-1.478,-1.424,-1.336,3,1,-2,2801.034,1632.831
Chile,2021,0.836,0.779,0.59,1.129,3,1.183,4,-0.624,2,1.893,4,1.382,3,1.199,4,1.58,3,1,1,13,0.984,0.626,0.063,0,10,10,46133.749,1986.084
China,2021,0.077,0.039,0.042,2.002,3,-2.871,0,1.967,4,-0.538,2,-3.169,0,-2.467,1,-2.328,0,6,7,2,0.054,0.841,-0.482,7,0,-7,2279809.269,148256.418
Colombia,2021,0.646,0.485,0.425,-0.574,1,0.882,3,-0.35,3,0.25,4,-1.989,1,-0.135,3,0.581,2,3,3,9,-0.344,-0.015,-0.914,0,7,7,71716.256,5254.651
Comoros,2021,0.293,0.113,0.209,1.196,3,-0.305,3,1.741,4,-0.041,4,-0.412,2,-0.116,3,-0.547,1,4,5,6,-1.287,-1.79,-0.227,3,0,-3,241.308,89.147
Congo,2021,0.245,0.108,0.193,1.944,3,-1.876,1,1.102,4,-1.01,3,-1.069,1,-1.081,2,-1.709,1,6,7,1,-1.373,-1.551,-0.607,4,0,-4,1727.733,566.242
Costa Rica,2021,0.898,0.85,0.648,-1.357,1,1.192,4,-0.591,2,1.83,4,2.387,4,1.091,4,1.887,3,1,1,13,0.496,0.257,0.873,0,10,10,9315.616,532.679
Croatia,2021,0.754,0.65,0.524,-1.479,1,1.767,4,-1.313,1,1.27,4,1.133,3,1.897,4,1.078,2,2,1,11,0.061,0.591,0.708,0,9,9,10274.587,438.484
Cuba,2021,0.179,0.057,0.088,2.178,3,-3.255,0,1.747,4,-1.366,2,-2.156,1,-0.916,3,-2.536,0,6,7,2,-0.01,-0.215,0.427,6,1,-5,10849.993,1206.494
Cyprus,2021,0.792,0.648,0.507,-1.939,1,1.976,4,-1.548,1,1.922,4,1.491,4,1.07,4,1.469,3,1,1,15,0.395,0.736,0.443,0,10,10,3399.893,108.579
Czechia,2021,0.805,0.716,0.532,-1.857,1,1.918,4,-1.774,1,1.908,4,1.201,3,1.623,4,2.555,3,1,1,14,0.641,1.11,0.958,0,9,9,41102.541,1141.661
Denmark,2021,0.915,0.885,0.694,-1.096,1,2.365,4,0.918,4,1.8,4,2.109,4,1.93,4,2.571,3,1,1,14,2.366,2.004,0.95,0,10,10,30092.86,620.948
Djibouti,2021,0.255,0.125,0.139,0.198,2,-0.72,2,-0.418,2,-0.493,2,-0.91,2,-1.506,2,-1.123,1,5,7,4,-0.783,-0.798,-0.707,0,3,3,642.074,104.094
DRC,2021,0.35,0.15,0.2,-0.898,1,0.09,3,0.528,4,-1.497,3,-0.516,2,-0.652,3,-0.62,1,6,7,1,-1.552,-1.719,-1.615,4,1,-3,8378.333,9181.659
Ecuador,2021,0.613,0.449,0.425,-0.551,1,-0.262,3,-1.178,1,0.869,4,-0.525,2,-0.995,3,0.296,2,3,2,8,-0.573,-0.209,-0.266,1,6,5,18052.555,1815.298
Egypt,2021,0.178,0.118,0.074,0.743,2,-2.347,1,0.889,4,-0.323,3,-1.617,1,-1.216,2,-2.322,0,6,6,2,-0.685,-0.432,-1.024,4,0,-4,91576.22,10699.191
El Salvador,2021,0.443,0.187,0.261,-1.311,1,1.735,4,-2.07,0,1.858,4,0.429,3,0.948,4,0.291,2,4,3,,-0.533,-0.313,-0.211,,,,,
Eritrea,2021,0.072,0.01,0.011,-1.402,1,-1.831,1,0.544,4,-1.927,2,-1.502,1,-1.649,2,-2.836,0,7,7,0,-1.237,-1.677,-1.006,7,0,-7,7154.189,340.563
Estonia,2021,0.896,0.845,0.625,0.852,2,2.195,4,1.053,4,1.712,4,1.495,4,1.863,4,2.449,3,1,1,14,1.536,1.383,0.756,0,9,9,4467.947,141.873
Eswatini,2021,0.12,0.096,0.111,-0.091,2,-0.182,3,0.117,3,-1.9,2,-1.916,1,-1.403,2,-1.487,1,6,7,5,-0.651,-0.729,-0.03,9,0,-9,1088.171,120.904
Ethiopia,2021,0.289,0.144,0.157,-0.522,1,-2.5,0,0.306,3,-2.286,1,-0.994,2,-1.595,2,-1.142,1,6,5,2,-0.397,-0.613,-2.068,2,3,1,24918.13,11824.677
Fiji,2021,0.401,0.27,0.204,-0.699,1,0.617,3,-1.072,1,0.958,4,-0.41,2,-0.061,3,0.619,2,3,4,7,0.472,0.624,0.668,0,4,4,1004.606,95.545
Finland,2021,0.867,0.828,0.614,-0.653,1,2.292,4,-1.296,1,1.732,4,1.853,4,1.888,4,2.523,3,1,1,16,2.27,1.96,0.982,0,10,10,23938.281,588.431
France,2021,0.872,0.791,0.614,1.202,3,1.232,4,-0.68,2,1.194,4,1.158,3,0.477,4,1.221,2,2,1,13,1.31,1.268,0.372,0,10,10,291816.38,7182.669
Gambia,2021,0.506,0.419,0.327,0.534,2,1.058,3,1.044,4,1.363,4,1.204,3,1.295,4,0.509,2,4,4,6,-0.358,-0.638,0.175,0,4,4,546.466,240.767
Georgia,2021,0.647,0.497,0.413,0.522,2,1.19,4,-0.846,2,1.957,4,-0.089,2,1.043,4,1.233,2,3,4,8,0.688,0.654,-0.423,1,8,7,5520.568,432.692
Germany,2021,0.872,0.823,0.629,0.766,2,1.301,4,-0.182,3,1.844,4,0.705,3,0.66,4,2.107,3,1,1,14,1.813,1.331,0.756,0,10,10,405218.706,8906.628
Ghana,2021,0.653,0.56,0.328,2.413,3,1.195,4,1.49,4,1.336,4,0.952,3,1.86,4,0.818,2,2,2,11,-0.106,-0.149,0.066,0,8,8,17712.048,3159.454
Greece,2021,0.786,0.655,0.542,0.271,2,1.901,4,-0.119,3,1.794,4,1.505,4,1.681,4,2.445,3,2,1,11,0.207,0.444,0.154,0,10,10,28400.648,1145.954
Guatemala,2021,0.49,0.313,0.301,-0.959,1,1.495,4,-1.317,1,1.742,4,0.308,3,2.15,4,1.01,2,4,4,6,-1.174,-0.752,-0.392,1,9,8,12842.36,1802.084
Guinea,2021,0.271,0.103,0.198,-0.241,2,-0.854,2,0.401,4,-1.528,3,0.087,3,-2.303,2,-1.983,0,5,6,4,-0.996,-0.916,-0.97,0,4,4,3506.135,1322.232
Guinea-Bissau,2021,0.53,0.329,0.236,-1.27,1,0.548,3,-0.792,2,-0.174,4,0.228,3,0.777,4,-0.002,2,4,5,5,-1.3,-1.424,-0.28,1,7,6,327.904,200.477
Guyana,2021,0.545,0.37,0.329,-0.164,2,1.403,4,-0.108,3,1.714,4,-0.24,2,0.668,4,0.777,2,3,2,8,-0.165,-0.237,-0.144,1,8,7,934.555,84.805
Honduras,2021,0.403,0.252,0.263,-0.592,1,0.416,3,0.764,4,1.75,4,-0.416,2,0.527,4,1.795,3,4,4,4,-1.072,-0.782,-0.612,0,7,7,4926.058,1013.441
Hungary,2021,0.455,0.35,0.305,0.452,2,1.145,4,-0.019,3,1.838,4,0.506,3,1.099,4,1.641,3,3,3,10,0.036,0.635,0.861,0,10,10,27261.533,1055.913
Iceland,2021,0.832,0.743,0.612,1.866,3,1.969,4,1.997,4,1.531,4,2.484,4,1.748,4,2.285,3,1,1,15,1.791,1.639,1.373,,,,2020.323,37.06
India,2021,0.42,0.332,0.265,1.642,3,-1.428,1,1.612,4,-1.972,2,-0.94,2,-0.809,3,-0.932,1,4,2,8,-0.295,0.282,-0.615,0,9,9,966226.321,142368.518
Indonesia,2021,0.568,0.413,0.372,1.843,3,0.016,3,-0.279,3,0.238,4,-0.884,2,0.288,3,0.734,2,4,2,5,-0.428,0.379,-0.506,0,9,9,296631.287,28427.625
Iran,2021,0.181,0.116,0.051,2.311,3,-2.393,1,0.762,4,-1.381,1,-1.858,1,-1.725,2,-1.254,1,6,7,3,-1.096,-0.858,-1.622,7,0,-7,84938.029,8718.815
Iraq,2021,0.365,0.218,0.202,0.626,2,0.257,3,0.026,3,-0.185,3,-0.092,2,0.047,3,0.039,2,6,5,1,-1.251,-1.292,-2.397,0,6,6,41067.232,4198.518
Ireland,2021,0.895,0.832,0.638,-0.71,1,2.391,4,-1.622,1,1.758,4,1.207,3,2.083,4,1.199,2,1,1,14,1.649,1.504,0.857,0,10,10,40070.106,531.242
Israel,2021,0.735,0.651,0.486,-0.655,1,0.303,3,-0.417,2,0.831,4,-1.052,2,0.4,4,1.335,3,3,2,11,0.856,1.292,-1.061,1,7,6,35955.811,921.341
Italy,2021,0.849,0.768,0.673,0.687,2,1.569,4,-0.981,2,1.038,4,2.311,4,1.976,4,2.584,3,1,1,13,0.543,0.361,0.578,0,10,10,218478.765,6471.976
Ivory Coast,2021,0.436,0.239,0.311,1.398,3,0.378,3,1.527,4,1.813,4,-1.672,1,0.228,3,-0.58,1,4,4,6,-0.372,-0.502,-0.953,1,5,4,10811.416,2792.899
Jamaica,2021,0.8,0.693,0.525,-1.852,1,2.148,4,-2.587,0,1.643,4,0.094,3,1.854,4,0.779,2,2,2,9,-0.029,0.414,0.223,0,9,9,2330.973,308.527
Japan,2021,0.838,0.739,0.537,0.859,2,1.884,4,-0.39,2,1.813,4,1.624,4,1.711,4,2.243,3,1,1,15,1.565,1.403,1.027,0,10,10,524374.91,13433.716
Jordan,2021,0.259,0.255,0.119,2.174,3,-0.911,2,2.068,4,0.308,4,-1.024,2,-0.942,3,0.067,2,5,6,7,0.05,0.227,-0.276,5,2,-3,7641.738,1049.085
Kazakhstan,2021,0.257,0.127,0.094,1.913,3,-1.593,1,2.119,4,-1.105,2,-0.839,2,-1.212,2,-0.863,1,5,7,4,-0.237,0.064,-0.254,6,0,-6,46904.567,1969.649
Kenya,2021,0.483,0.403,0.325,1.221,3,0.855,3,0.386,4,1.355,4,-0.535,2,0.302,3,0.325,2,4,4,5,-0.713,-0.33,-1.09,0,9,9,18715.879,5533.024
Kosovo,2021,0.612,0.445,0.355,-0.82,1,1.346,4,-1.306,1,1.343,4,-0.655,2,0.839,4,1.558,3,4,3,,,,,0,8,8,1481.11,192.058
Kuwait,2021,0.317,0.29,0.092,1.665,3,-0.4,2,2.141,4,0.994,4,-0.804,2,-0.982,3,-0.343,1,5,5,7,-0.034,-0.038,0.299,7,0,-7,19960.897,443.72
Kyrgyzstan,2021,0.413,0.257,0.224,-0.717,1,0.359,3,0.715,4,1.417,4,0.358,3,0.54,4,-0.349,1,5,7,2,-1.125,-0.727,-0.426,0,8,8,3321.461,664.635
Laos,2021,0.135,0.099,0.125,-0.744,1,-0.972,2,-1.019,2,0.925,4,-1.458,1,-1.072,2,-2.028,0,6,7,2,-1.04,-0.618,0.726,7,0,-7,4745.302,762.111
Latvia,2021,0.824,0.735,0.587,-0.47,1,2.123,4,-2.072,0,1.811,4,1.859,4,2.052,4,2.481,3,2,1,12,0.747,0.873,0.688,0,8,8,5683.001,206.207
Lebanon,2021,0.437,0.265,0.25,0.822,2,0.259,3,0.461,4,-0.611,3,-0.833,2,-0.906,3,-1.107,1,4,5,5,-1.23,-1.287,-1.493,0,6,6,7616.031,741.688
Lesotho,2021,0.625,0.505,0.392,-1.255,1,0.655,3,-0.888,2,1.176,4,-0.164,2,0.109,3,0.477,2,3,3,8,-0.315,-0.914,-0.22,1,9,8,675.445,220.227
Liberia,2021,0.634,0.461,0.35,0.221,2,0.716,3,1.383,4,0.313,4,0.879,3,0.482,4,-0.364,1,4,3,6,-0.916,-1.377,-0.242,1,8,7,609.192,512.983
Libya,2021,0.271,0.144,0.178,-1.771,1,1.187,4,-1.012,2,-0.054,4,0.638,3,0.219,3,0.237,2,6,7,0,-1.567,-1.723,-2.367,,,,8480.714,729.498
Lithuania,2021,0.797,0.738,0.587,-0.319,2,2.51,4,-1.961,0,1.773,4,2.004,4,2.036,4,2.081,3,2,1,12,0.851,1.057,0.815,0,10,10,9529.66,300.037
Luxembourg,2021,0.881,0.794,0.627,0.968,3,2.439,4,0.663,4,1.794,4,1.644,4,1.911,4,1.688,3,1,1,15,1.872,1.719,1.206,0,10,10,6025.423,65.26
Madagascar,2021,0.497,0.26,0.295,-1.004,1,1.138,4,0.277,3,0.835,4,-0.264,2,0.859,4,-0.255,2,4,3,7,-0.933,-1,-0.636,0,6,6,3686.51,2822.455
Malawi,2021,0.619,0.536,0.412,-0.633,1,1.455,4,-0.127,3,1.017,4,-0.259,2,0.73,4,0.598,2,3,3,9,-0.3,-0.769,-0.113,0,6,6,2563.303,1961.782
Malaysia,2021,0.414,0.29,0.255,0.975,3,0.5,3,1.029,4,1.306,4,-0.264,2,0.097,3,-0.297,1,4,4,7,0.171,0.992,0.139,0,7,7,88971.514,3389.703
Maldives,2021,0.597,0.441,0.335,1.419,3,-0.147,3,0.82,4,0.438,4,-0.278,2,0.352,3,0.093,2,5,4,6,-0.371,0.386,0.503,,,,822.228,55.872
Mali,2021,0.246,0.161,0.177,-0.158,2,-0.296,3,0.927,4,-1.309,2,-0.625,2,-0.148,3,-1.212,1,5,6,4,-0.867,-1.223,-2.352,1,6,5,5072.011,2076.653
Malta,2021,0.779,0.64,0.56,-0.99,1,1.444,4,-1.067,1,1.652,4,-0.009,3,1.815,4,1.605,3,1,2,15,0.318,0.893,0.973,,,,2036.381,50.455
Mauritania,2021,0.388,0.167,0.257,0.143,2,0.187,3,1.541,4,0.644,4,-1.481,1,-0.226,3,-1.128,1,5,5,4,-0.821,-0.734,-0.67,2,0,-2,1742.103,462.712
Mauritius,2021,0.546,0.435,0.352,1.798,3,0.236,3,0.439,4,1.226,4,-1.299,1,-0.569,3,-1.023,1,2,1,13,0.468,0.849,0.856,0,10,10,3401.85,136.154
Mexico,2021,0.617,0.371,0.381,-0.311,2,2.245,4,-1.579,1,1.791,4,0.4,3,0.925,4,0.954,2,4,3,5,-1.002,-0.312,-0.637,0,8,8,224999.494,13388.489
Moldova,2021,0.745,0.616,0.515,0.594,2,0.551,3,-0.68,2,1.725,4,1.126,3,1.729,4,1.328,3,3,3,6,-0.448,-0.405,-0.206,0,9,9,2943.867,356.044
Mongolia,2021,0.626,0.491,0.334,0.317,2,1.479,4,-0.838,2,1.625,4,1.393,3,1.151,4,0.911,2,2,1,11,-0.529,-0.467,0.654,0,10,10,3206.326,344.11
Montenegro,2021,0.507,0.41,0.305,-0.567,1,1.866,4,-1.742,1,1.694,4,-0.266,2,0.987,4,0.677,2,3,3,9,-0.02,0.006,-0.149,0,9,9,1130.395,67.955
Morocco,2021,0.264,0.24,0.162,1.012,3,-0.665,2,0.255,3,-1.056,2,-0.89,2,-0.689,3,-1.001,1,5,5,5,-0.434,-0.067,-0.396,5,1,-4,30708.605,3846.146
Mozambique,2021,0.357,0.237,0.24,-0.725,1,1.155,4,1.313,4,1.836,4,0.521,3,0.926,4,0.536,2,4,5,6,-0.812,-0.765,-1.228,1,6,5,4902.178,3043.188
Myanmar,2021,0.107,0.05,0.099,1.757,3,-1.344,2,1.991,4,-2.556,1,-2.188,1,-2.963,1,-2.92,0,6,7,1,-1.028,-1.41,-2.066,0,8,8,32603.621,5730.342
Namibia,2021,0.638,0.513,0.383,0.393,2,1.873,4,2.131,4,1.341,4,-0.249,2,1.272,4,1.187,2,2,2,11,0.259,0.059,0.548,0,6,6,2464.735,264.305
Nepal,2021,0.605,0.478,0.39,0.571,2,-0.348,2,-0.229,3,-0.255,3,-0.21,2,-1.15,2,-0.522,1,4,3,6,-0.531,-0.872,-0.243,1,8,7,8372.969,3063.17
Netherlands,2021,0.863,0.81,0.589,-0.151,2,2.307,4,-1.025,2,1.828,4,1.167,3,2.151,4,1.636,3,1,1,15,2.036,1.767,0.915,0,10,10,90864.145,1838.391
New Zealand,2021,0.883,0.827,0.679,0.767,2,1.105,3,0.7,4,1.74,4,0.634,3,1.516,4,2.483,3,1,1,15,2.202,1.351,1.439,0,10,10,19529.561,514.683
Nicaragua,2021,0.201,0.037,0.121,2.148,3,-3.159,0,0.286,3,-1.224,2,-2.273,1,-2.309,2,-2.57,0,5,7,3,-1.236,-0.852,-0.467,1,7,6,3285.6,686.283
Niger,2021,0.528,0.398,0.338,-0.889,1,-0.549,2,0.291,3,-0.454,3,0.415,3,0.06,3,-1.006,1,4,4,6,-0.547,-0.615,-1.616,1,6,5,2851.615,2393.048
Nigeria,2021,0.493,0.329,0.331,0.372,2,-0.711,2,-0.374,2,1.015,4,-0.895,2,0.317,3,-1.115,1,5,4,4,-1.07,-0.996,-1.779,1,8,7,86510.406,20939.444
North Korea,2021,0.086,0.014,0.045,2.628,3,-3.898,0,2.131,4,-4.169,0,-3.702,0,-4.901,0,-2.949,0,7,7,0,-1.605,-1.557,-0.453,10,0,-10,4873.972,2717.578
Norway,2021,0.901,0.86,0.646,-0.819,1,2.383,4,-0.893,2,1.579,4,2.073,4,2.016,4,2.629,3,1,1,16,2.141,1.839,1.104,0,10,10,32106.604,567.345
Oman,2021,0.172,0.138,0.124,0.98,3,-2.094,1,1.236,4,-0.55,3,-1.788,1,-1.357,2,-1.693,1,5,6,4,0.086,-0.118,0.507,8,0,-8,11326.061,521.546
Pakistan,2021,0.404,0.266,0.264,0.92,3,-1.348,2,1.805,4,-0.341,3,-1.299,1,-0.491,3,-0.242,2,5,5,4,-0.786,-0.403,-1.667,0,7,7,103529.067,22700.527
Panama,2021,0.738,0.552,0.444,-0.137,2,0.923,3,-0.738,2,1.76,4,1.338,3,1.504,4,1.644,3,2,2,10,-0.571,0.159,0.286,0,9,9,10994.848,440.343
Papua New Guinea,2021,0.434,0.342,0.267,-1.598,1,1.653,4,-0.944,2,1.282,4,0.722,3,1.216,4,1.744,3,3,4,7,-0.756,-0.887,-0.582,0,5,5,3688.152,914.875
Paraguay,2021,0.581,0.43,0.358,-2.421,0,2.051,4,-2.039,0,1.476,4,1.824,4,1.753,4,1.064,2,3,3,7,-1.007,-0.623,-0.003,0,9,9,7186.629,750.296
Peru,2021,0.771,0.661,0.546,-0.613,1,1.865,4,-1.133,1,1.401,4,2.075,4,1.511,4,2.168,3,3,2,8,-0.633,-0.261,-0.406,0,9,9,37253.842,3407.644
Philippines,2021,0.436,0.28,0.289,-0.83,1,0.472,3,-1.363,1,-0.206,3,-1.336,1,0.256,3,-0.635,1,4,3,3,-0.509,0.07,-0.929,0,8,8,87028.572,11530.039
Poland,2021,0.583,0.425,0.364,-0.717,1,1.703,4,-0.646,2,1.835,4,0.776,3,1.654,4,1.4,3,2,2,11,0.572,0.293,0.512,0,10,10,111227.209,4079.4
Portugal,2021,0.888,0.813,0.617,-0.909,1,2.42,4,-1.377,1,1.928,4,2.719,4,2.257,4,2.967,3,1,1,14,0.769,0.991,0.953,0,10,10,31609.988,1097.676
Qatar,2021,0.09,0.086,0.023,2.313,3,-1.923,1,2.025,4,-0.767,3,-3.138,0,-1.61,2,-1.961,0,5,6,5,0.806,1.114,0.958,10,0,-10,23733.401,296.09
Romania,2021,0.768,0.611,0.583,-0.02,2,1.564,4,-1.425,1,1.013,4,1.053,3,1.549,4,1.453,3,2,2,12,-0.038,-0.13,0.533,0,9,9,41177.59,2091.157
Russia,2021,0.252,0.102,0.164,1.915,3,-0.654,2,0.326,3,-0.111,4,-1.545,1,-0.993,3,-0.911,1,6,7,2,-0.9,-0.176,-0.645,1,5,4,397041.955,15515.88
Rwanda,2021,0.235,0.119,0.175,1.906,3,-1.566,1,0.357,4,0.69,3,-1.792,1,-1.419,2,-1.303,1,6,6,2,0.599,0.261,0.17,3,0,-3,3062.056,1316.424
Saudi Arabia,2021,0.016,0.044,0.02,2.401,3,-2.642,0,0.972,4,-1.325,2,-3.385,0,-1.261,2,-1.977,0,7,7,2,0.307,0.496,-0.584,10,0,-10,121988.73,3669.587
Senegal,2021,0.718,0.566,0.399,1.203,3,0.818,3,-0.156,3,1.307,4,-0.23,2,0.721,4,-0.746,1,3,3,9,0.058,0.059,-0.17,0,7,7,5487.269,1712.323
Serbia,2021,0.348,0.243,0.234,-0.112,2,0.548,3,-0.836,2,1.306,4,-0.343,2,0.587,4,0.439,2,3,4,9,-0.437,0.047,-0.134,1,9,8,10717.381,759.691
Seychelles,2021,0.714,0.64,0.3,0.359,2,0.66,3,0.929,4,1.002,4,0.614,3,1.359,4,0.512,2,2,2,11,1.633,0.942,0.761,,,,306.262,10.442
Sierra Leone,2021,0.556,0.426,0.374,-0.881,1,0.93,3,0.994,4,0.369,4,0.948,3,0.82,4,0.212,2,3,3,9,-0.431,-1.115,-0.165,1,8,7,1327.129,793.753
Singapore,2021,0.39,0.345,0.124,1.863,3,-0.433,2,2.254,4,1.387,4,-0.693,2,-0.649,3,-0.981,1,4,4,7,2.172,2.291,1.493,4,2,-2,44333.702,615.872
Slovakia,2021,0.856,0.778,0.62,-1.743,1,1.574,4,-2.558,0,1.988,4,2.356,4,2.22,4,2.088,3,1,1,12,0.235,0.529,0.56,0,10,10,17931.699,580.127
Slovenia,2021,0.702,0.599,0.501,-1.227,1,2.295,4,-2.038,0,1.821,4,1.425,3,2.029,4,1.921,3,2,1,15,0.719,1.178,0.76,0,10,10,7913.769,222.53
Solomon Islands,2021,0.622,0.475,0.37,-1.669,1,1.735,4,-2.096,0,1.053,4,1.163,3,0.51,4,1.672,3,2,2,11,-0.141,-0.912,0.491,1,9,8,173.308,69.323
South Africa,2021,0.702,0.582,0.438,0.106,2,1.507,4,-0.002,3,0.882,4,0.821,3,2.016,4,1.265,2,2,2,9,0.022,-0.017,-0.707,0,9,9,69786.212,6154.156
South Korea,2021,0.863,0.788,0.596,1.643,3,1.252,4,1.204,4,1.957,4,1.566,4,1.709,4,2.376,3,2,2,12,0.76,1.406,0.663,0,8,8,224102.992,5470.789
Spain,2021,0.854,0.779,0.605,0.759,2,1.73,4,1.073,4,2.002,4,1.503,4,1.422,4,2.268,3,1,1,13,0.742,0.947,0.579,0,10,10,181566.361,5033.334
Sri Lanka,2021,0.561,0.382,0.335,0.313,2,-0.341,2,1.047,4,0.503,4,-0.545,2,-0.069,3,-0.208,2,4,4,8,-0.335,-0.083,-0.318,1,7,6,28869.858,2297.473
Sudan,2021,0.169,0.074,0.08,0.409,2,-2.05,1,-0.036,3,-2.65,1,-1.358,1,-0.85,3,-1.025,1,6,7,1,-1.29,-1.637,-1.935,4,0,-4,23263.694,4664.791
Sweden,2021,0.903,0.871,0.65,-0.604,1,2.161,4,-1.37,1,1.868,4,2.926,4,2.116,4,1.764,3,1,1,16,2.13,1.652,1.034,0,10,10,52524.083,1077.02
Switzerland,2021,0.898,0.851,0.801,-0.897,1,2.355,4,-3.084,0,1.769,4,1.994,4,1.959,4,2.405,3,1,1,15,1.99,2.032,1.131,0,10,10,51953.132,926.471
Taiwan,2021,0.819,0.707,0.63,-0.27,2,0.704,3,-0.854,2,1.041,4,0.288,3,0.702,4,1.654,3,1,1,15,1.206,1.47,0.78,0,10,10,125119.006,2516.5
Tajikistan,2021,0.184,0.048,0.057,1.468,3,-2.202,1,0.818,4,-2.259,2,-1.547,1,-1.399,2,-1.827,1,6,7,1,-1.338,-0.592,-0.608,4,1,-3,3589.353,961.504
Tanzania,2021,0.372,0.339,0.257,1.332,3,0.114,3,1.656,4,0.376,3,-0.021,3,-0.17,3,-1.175,1,5,5,4,-0.355,-0.632,-0.437,1,4,3,14660.04,5974.25
Thailand,2021,0.198,0.171,0.111,1.183,3,-0.72,2,0.541,4,0.617,4,-1.238,1,-1.018,3,-1.564,1,5,7,5,-0.457,0.253,-0.546,3,0,-3,124869.52,7367.895
Timor-Leste,2021,0.68,0.488,0.396,-2.114,1,1.445,4,-1.943,0,1.106,4,1.373,3,0.62,4,1.048,2,3,2,8,-0.053,-0.759,0.172,1,9,8,471.102,134.756
Togo,2021,0.422,0.238,0.272,1.941,3,-0.353,2,1.85,4,-0.837,3,-0.927,2,1.104,4,-0.009,2,4,5,6,-0.668,-0.647,-0.802,3,1,-2,1565.042,868.185
Tunisia,2021,0.538,0.388,0.356,1.049,3,1.028,3,-0.544,2,0.99,4,1.594,3,1.388,4,1.498,2,3,3,9,-0.23,-0.167,-0.696,0,7,7,13397.583,1234.269
Turkey,2021,0.283,0.123,0.173,0.971,3,-2.128,1,1.223,4,-0.672,3,-0.604,2,-1.772,2,-1.611,1,6,5,3,-0.386,-0.087,-1.098,4,0,-4,209484.095,8883.153
Turkmenistan,2021,0.15,0.036,0.032,1.852,3,-3.17,0,1.325,4,-3.044,0,-2.445,1,-3.615,1,-2.093,0,7,7,0,-1.42,-0.928,-0.319,8,0,-8,15715.28,628.439
Uganda,2021,0.291,0.203,0.183,0.731,2,-1.117,2,0.285,3,-0.975,2,-1.057,2,-0.269,3,-1.512,1,5,6,4,-0.999,-0.57,-0.86,2,1,-1,9512.254,4593.818
Ukraine,2021,0.513,0.312,0.322,0.479,2,0.253,3,-1,2,0.367,3,0.033,3,0.265,3,0.62,2,3,3,6,-0.767,-0.409,-1.099,1,5,4,47673.998,4736.15
United Arab Emirates,2021,0.099,0.082,0.032,2.279,3,-3.716,0,0.221,3,-0.892,2,-2.108,1,-2.164,2,-2.541,0,6,7,3,1.178,1.399,0.649,8,0,-8,66856.255,1034.842
United Kingdom,2021,0.862,0.787,0.633,0.614,2,1.528,4,-0.995,2,1.766,4,1.016,3,0.82,4,0.959,2,1,1,13,1.671,1.279,0.542,0,8,8,292982.938,7145.392
United States of America,2021,0.813,0.735,0.577,0.838,2,1.493,4,-1.055,1,1.006,4,0.256,3,0.752,4,2.309,3,2,2,11,1.047,1.336,0.005,0,5,5,2118706.309,34961.294
Uruguay,2021,0.849,0.775,0.664,0.444,2,2.165,4,1.791,4,1.806,4,1.844,4,1.449,4,1.868,3,1,1,15,1.615,0.84,1.046,0,10,10,7648.252,365.689
Uzbekistan,2021,0.212,0.082,0.062,1.212,3,-1.774,1,1.745,4,-1.22,2,-1.512,1,-1.467,2,-1.418,1,6,7,1,-0.808,-0.197,-0.24,9,0,-9,37340.702,3492.84
Vanuatu,2021,0.771,0.651,0.483,-1.474,1,1.77,4,-1.106,1,1.779,4,1.25,3,1.504,4,1.71,3,2,2,13,-0.018,-0.558,0.791,,,,100.223,31.027
Venezuela,2021,0.218,0.064,0.166,2.018,3,-2.101,1,0.824,4,-1.751,2,-2.738,0,-0.949,3,-1.073,1,6,7,1,-1.606,-1.852,-1.526,4,1,-3,3113.377,2618.458
Vietnam,2021,0.157,0.112,0.168,1.861,3,-2.071,1,0.879,4,0.542,4,-1.542,1,-1.482,2,-2.316,0,6,7,4,-0.286,0.278,-0.115,7,0,-7,71416.028,10268.11
Yemen,2021,0.114,0.035,0.067,1.499,3,-2.138,1,1.235,4,-1.647,2,-1.335,1,-1.615,2,-1.996,0,6,7,2,-1.652,-2.304,-2.588,,,,4498.425,3020.905
Zambia,2021,0.411,0.318,0.27,1.26,3,0.157,3,2.34,4,0.142,4,-1.336,1,1.135,4,-0.954,1,4,4,8,-0.753,-0.817,0.06,0,6,6,5382.952,1862.477
Zimbabwe,2021,0.291,0.194,0.221,0.978,3,-0.35,2,1.017,4,-0.6,3,-1.547,1,-0.531,3,-2.552,0,5,6,2,-1.258,-1.243,-1.027,1,5,4,4870.709,1566.385
